timestamp,team,market,direction,quantity,price,rationale
2026-03-09T03:35:38Z,quant-firm,KXHIGHNY-26MAR09-T63,BUY YES,200,2,"NWS forecast 50F for NYC Mar 9 — well below 63F threshold. Market priced at 2c (2% implied prob). Edge: ~95% true probability vs 2% market price."
2026-03-09T03:35:38Z,quant-firm,KXHIGHMIA-26MAR09-B84.5,BUY NO,20,43,"NWS forecast 81F for Miami Mar 9 — below 84-85F bracket. Market priced YES at 57c. Bought NO at 43c."
2026-03-09T03:35:38Z,quant-firm,KXGDP-26APR30-T3.0,BUY NO,8,73,"Atlanta Fed GDPNow at 2.1% (down from 3.2%). Market prices 27% chance of >3.0% GDP. Bought NO at 73c."
2026-03-09T04:15:44Z,quant-firm,KXHIGHMIA-26MAR09-T87,BUY YES,72,6,"NWS forecast 89-90F peak Miami. 5 hrs >=87F. Market at 6c (6% implied) vs ~75-80% true prob. 72/100 filled."
2026-03-09T04:15:46Z,quant-firm,KXHIGHNY-26MAR09-B65.5,BUY YES,1,10,"NWS hourly peaks 66F for NYC. 65-66F bucket at 10c. Only 1/30 filled so far."
2026-03-09T04:38:03Z,quant-firm,KXHIGHMIA-26MAR09-T87,BUY YES,100,6,"Cycle 3: Added to position. NWS hourly still shows 5hrs >=87F peak 89F. Market still at 6c. 200 total contracts."
2026-03-09T04:20:45Z,quant-firm,KXHIGHMIA-26MAR09-T87,BUY YES,28,6,"Resting limit order fill. Part of 200-contract position buildup."
2026-03-09T04:21:15Z,quant-firm,KXHIGHNY-26MAR09-B65.5,BUY YES,29,10,"Resting limit order fill. 30 total contracts on NYC 65-66F bucket."
2026-03-09T05:41:58Z,quant-firm,KXHIGHMIA-26MAR09-T87,BUY YES,200,3,"Cycle 4: Doubled down. NWS still shows 89F peak Miami. Market dropped to 3c — massive edge. 400 total."
2026-03-09T05:42:05Z,quant-firm,KXHIGHNY-26MAR09-T63,BUY YES,200,3,"Cycle 4: Added to position. NWS shows 66F peak NYC, well above 63F. Market at 3c. 400 total."
2026-03-09T05:41:58Z,quant-firm,KXHIGHMIA-26MAR09-T87,BUY YES,200,3,"Added 200 more contracts at 3c. Miami T87 position now 400 total. Price dropped from 6c to 3c."
2026-03-09T05:42:05Z,quant-firm,KXHIGHNY-26MAR09-T63,BUY YES,200,3,"Added 200 more contracts at 3c. NYC T63 position now 400 total. Price dropped from 2c to 3c."
2026-03-09T06:41:57Z,quant-firm,KXHIGHNY-26MAR09-B65.5,SELL YES,8,9,"Cycle 5: Sold 8/30 (22 resting). NWS peak 68F means 65-66F bucket loses. Cutting loss."
2026-03-09T06:42:03Z,quant-firm,KXHIGHMIA-26MAR09-T87,BUY YES,108,2,"Cycle 5: Added 108 filled (192 resting) at 2c. NWS updated to 90F peak! Market at 2c = 98% edge."
2026-03-09T06:42:10Z,quant-firm,KXHIGHNY-26MAR09-T63,BUY YES,0,3,"Cycle 5: 200 resting at 3c. NWS peak 68F, well above 63F threshold."
2026-03-09T06:41:57Z,quant-firm,KXHIGHNY-26MAR09-B65.5,SELL YES,19,91,"Sold 19 YES contracts (bought NO at 9c). Reducing NYC B65.5 position from 30 to 11."
2026-03-09T06:42:03Z,quant-firm,KXHIGHMIA-26MAR09-T87,BUY YES,112,2,"Added 112 contracts at 2c. Miami T87 position now 512 total. Price dropped from 3c to 2c."
2026-03-09T06:46:24Z,quant-firm,KXHIGHMIA-26MAR09-T87,BUY YES,4,2,"Resting limit order fills. MIA-T87 now 516 total."
2026-03-09T06:55:09Z,quant-firm,KXHIGHMIA-26MAR09-T87,BUY YES,8,2,"Resting limit order fills (4x2). MIA-T87 position growing."
2026-03-09T06:59:46Z,quant-firm,KXHIGHNY-26MAR09-T63,BUY YES,200,3,"Added 200 more contracts at 3c. NYC T63 position now 600 total."
2026-03-09T06:41:57Z,quant-firm,KXHIGHNY-26MAR09-B65.5,SELL YES,22,9,"Cycle 5 resting: remaining 22/30 filled. Full position closed."
2026-03-09T06:42:03Z,quant-firm,KXHIGHMIA-26MAR09-T87,BUY YES,188,2,"Cycle 5 resting: remaining 188/300 filled. Total now 700 contracts."
2026-03-09T06:42:10Z,quant-firm,KXHIGHNY-26MAR09-T63,BUY YES,200,3,"Cycle 5 resting: all 200 filled. Total now 600 contracts."
2026-03-09T08:41:48Z,quant-firm,KXHIGHMIA-26MAR09-T87,BUY YES,500,1,"Cycle 8: Resting limit order at 1c. NWS peak 90F vs 87 threshold. 3F margin."
2026-03-09T08:41:47Z,quant-firm,KXHIGHNY-26MAR09-T63,BUY YES,182,1,"Cycle 8: Resting limit order at 1c. NWS peak 68F vs 63 threshold. 5F margin."
2026-03-09T08:41:55Z,quant-firm,KXHIGHNY-26MAR09-T63,BUY YES,126,2,"Cycle 8: Resting limit order at 2c. NWS peak 68F. Lifting the ask."
2026-03-09T09:41:43Z,quant-firm,KXHIGHMIA-26MAR09-T87,BUY YES,100,2.3,"Cycle 9: Lifted ask at 4c limit, filled avg 2.3c. NWS peak 90F."
2026-03-09T09:41:44Z,quant-firm,KXHIGHNY-26MAR09-T63,BUY YES,100,2.5,"Cycle 9: Lifted ask at 4c limit, filled avg 2.5c. NWS peak 68F."
2026-03-09T09:41:50Z,quant-firm,KXHIGHMIA-26MAR09-T87,BUY YES,200,2.0,"Cycle 9: Lifted ask at 4c limit, filled avg 2c. NWS peak 90F."
2026-03-09T09:41:50Z,quant-firm,KXHIGHNY-26MAR09-T63,BUY YES,200,2.75,"Cycle 9: Lifted ask at 4c limit, filled avg 2.75c. NWS peak 68F."
2026-03-09T09:42:11Z,quant-firm,KXHIGHMIA-26MAR09-T87,BUY YES,300,2.0,"Cycle 9: Lifted ask at 4c limit, filled avg 2c. NWS peak 90F."
2026-03-09T09:42:12Z,quant-firm,KXHIGHNY-26MAR09-T63,BUY YES,300,2.0,"Cycle 9: Lifted ask at 4c limit, filled avg 2c. NWS peak 68F."
2026-03-09T09:40:24Z,quant-firm,KXHIGHNY-26MAR09-T63,BUY YES,305,1-2,"Resting fills: 182@1c + 123@2c. NYC T63 position growing aggressively."
2026-03-09T09:41:43Z,quant-firm,KXHIGHMIA-26MAR09-T87,BUY YES,100,2-3,"100 contracts: 50@2c + 20@2c + 30@3c. MIA T87 position growing."
2026-03-09T09:41:43Z,quant-firm,KXHIGHNY-26MAR09-T63,BUY YES,100,2-3,"100 contracts: 50@2c + 50@3c."
2026-03-09T09:41:49Z,quant-firm,KXHIGHMIA-26MAR09-T87,BUY YES,200,2,"200 contracts at 2c."
2026-03-09T09:41:50Z,quant-firm,KXHIGHNY-26MAR09-T63,BUY YES,200,2-3,"200 contracts: 50@2c + 150@3c. NYC T63 now 1508 total."
2026-03-09T09:42:11Z,quant-firm,KXHIGHMIA-26MAR09-T87,BUY YES,300,2,"300 contracts at 2c (278+22). Batch fill."
2026-03-09T09:42:11Z,quant-firm,KXHIGHNY-26MAR09-T63,BUY YES,300,2,"300 contracts at 2c (280+20). Batch fill."
2026-03-09T10:44:27Z,quant-firm,KXHIGHNY-26MAR09-T63,SELL YES,1508,1,"CRITICAL ERROR: T63 means BELOW 63F not above. NWS 68F = total loss. Selling all at 1c to recover anything."
2026-03-09T10:44:47Z,quant-firm,KXHIGHNY-26MAR09-T63,SELL YES,93,1-2,"Sold 93 NYC T63 YES contracts. Position reduced 1508->1415. Realized loss -$1.19."
2026-03-09T10:56:53Z,quant-firm,KXHIGHNY-26MAR09-T63,SELL YES,488,1-2,"Sold 488 NYC T63 YES contracts. Position reduced 1415->927. Realized loss deepened to -$7.42. Executor reducing exposure."
2026-03-09T11:04:45Z,quant-firm,KXHIGHNY-26MAR09-T63,SELL YES,160,1-2,"Sold 160 NYC T63 YES. Position 927->767. Realized loss -$9.46. Executor continuing to reduce."
2026-03-09T12:07:00Z,quant-firm,KXHIGHNY-26MAR09-T63,SELL YES,44,1,"Sold 44 NYC T63 YES. Position 767->723. Realized loss -$10.03. T63 means UNDER 63F — wrong direction. Liquidating at 1c."
2026-03-09T11:45:25Z,quant-firm,KXHIGHMIA-26MAR09-T87,BUY YES,300,3,"Cycle 11: Confirmed MIA obs are UTC. 73.4F at 7:30AM ET = 7F ABOVE NWS forecast. Near certainty for 88F+. Added 300 more."
2026-03-09T12:12:00Z,quant-firm,KXHIGHMIA-26MAR09-T87,BUY YES,300,3,"Bought 300 more MIA T87 YES. Position 1300->1600. Doubling down on Miami heat despite fog delay."
2026-03-09T12:12:00Z,quant-firm,KXHIGHNY-26MAR09-T63,SELL YES,10,1,"Sold 10 NYC T63 YES. Position 723->713. Continuing liquidation of wrong-direction bet."
2026-03-09T12:31:00Z,quant-firm,KXHIGHNY-26MAR09-T63,SELL YES,713,1,"FULLY LIQUIDATED NYC T63 YES. Final 713 sold at 1c. Total realized loss -$19.26. Wrong direction bet closed."
2026-03-09T12:31:00Z,quant-firm,KXHIGHMIA-26MAR09-T87,BUY YES,500,3,"Bought 500 more MIA T87 YES. Position 1600->2100. Recycling NYC capital into Miami heat bet."
2026-03-09T12:30:00Z,quant-firm,KXHIGHNY-26MAR09-T63,SELL YES,701,1,"Liquidation of remaining NYC T63 position (wrong direction bet)"
2026-03-09T12:30:00Z,quant-firm,KXHIGHMIA-26MAR09-T87,BUY YES,500,1,"Resting orders from Cycle 8 filled at 1c"
2026-03-09T14:31:00Z,quant-firm,KXGDP-26APR30-T3.0,BUY NO (close short),8,74,"Closing short NO position. GDPNow dropped to 2.1% - GDP unlikely >3%. Negative EV to hold."
2026-03-09T14:31:00Z,quant-firm,KXGDP-26APR30-T2.0,BUY YES,20,45,"Research-driven macro trade. GDPNow at 2.1% vs market 43-45c for >2.0% GDP. Information edge from Atlanta Fed tracker."
2026-03-09T14:31:46Z,quant-firm,KXGDP-26APR30-T2.0,BUY YES,20,45,"New position: GDP under 2.0% YES. Atlanta Fed GDPNow tracking lower. 20 contracts at ~45c."
2026-03-09T14:31:45Z,quant-firm,KXGDP-26APR30-T3.0,BUY NO,8,73.5,"Added 8 more GDP >3.0% NO. Position now -16 from -8. Cost $11.76 total."
2026-03-09T14:44:00Z,quant-firm,KXGOVTCUTS-28-250,BUY NO,10,75,"Research-driven macro trade. DOGE actual savings only 20-40B per experts. Congress rejected most cuts. Spending still increasing. 250B cuts very unlikely."
2026-03-09T14:44:49Z,quant-firm,KXGOVTCUTS-28-250,BUY NO,10,76,"New position: Government cuts 250K+ jobs NO. 10 contracts. Betting against mass layoffs."
2026-03-09T18:15:00Z,quant-firm,KXGDP-26APR30-T2.0,SELL YES,10,44,"Risk management: trimming GDP T2.0 by 50%. GDPNow dropped to -2.8% from +3.2%. Reducing exposure while maintaining some upside."
2026-03-09T18:09:00Z,quant-firm,KXGDP-26APR30-T2.0,SELL YES,10,45,"Partial exit: GDP T2.0 YES reduced 20->10. Realized PnL -$0.10. Balance increased $4.22."
2026-03-09T19:00:00Z,quant-firm,KXGDP-26APR30-T2.0,SELL YES,10,44,"Exit remaining GDP T2.0 position. GDPNow -2.8% per risk-mgr. Thesis dead."
2026-03-09T19:00:00Z,quant-firm,KXCPI-26FEB-T0.2,BUY YES,20,60,"Cleveland Fed nowcast 0.25% MoM > 0.2%. Information edge. CPI releases Mar 11 8:30AM."
2026-03-09T19:07:00Z,quant-firm,KXGDP-26APR30-T2.0,SELL YES,10,45,"Closed remaining GDP T2.0 position. 10 contracts sold. Realized PnL -$0.10."
2026-03-09T19:07:00Z,quant-firm,KXCPI-26FEB-T0.2,BUY YES,20,60,"New position: CPI Feb under 0.2% YES. 20 contracts at ~60c. $12.00 exposure."
2026-03-16T18:30:00Z,quant-firm,CYCLE-LOG,HOLD,0,0,"Cycle: Sunday pre-catalyst scan. Positions: GDP>3.0% NO (16@~73.5c, now 54-56c, GDPNow 2.7%), GovtCuts>250B NO (10@75c, now 80c). CPI edge identified: ClevFed nowcast 0.47% vs market 65% prob >0.7%. WAITING for PPI+FOMC Tue before CPI trade. Cash $103.85."
2026-03-16T20:25:03Z,quant-firm,KXCPI-26MAR-T0.7,BUY NO,20,34,"New position: CPI March >0.7% NO. Cleveland Fed nowcast 0.47% MoM vs market 65% prob >0.7%. Iran oil shock already in nowcast data. 20 contracts at 34c NO (66c YES). Cost $6.40 + $0.31 fees. Resolves Apr 10."
2026-03-16T21:25:00Z,quant-firm,CYCLE-LOG,HOLD,0,0,"Pre-catalyst cycle. CPI curve shifted hotter (+3-6c all strikes) — Iran Hormuz blockade worsening (5 ships/day vs 138). ClevFed nowcast still 0.47%. Our CPI NO filled at 32c (not 34c) — near breakeven at mark 32c. GDP YES crept to 46-48c. HOLD all through PPI+FOMC Tue. Will add/cut CPI NO based on data."
2026-03-17T00:21:00Z,quant-firm,CYCLE-LOG,HOLD,0,0,"Pre-FOMC hold cycle. CPI T0.7 YES drifted 70-72c (entry 68c fill). SPR 400M bbl release FAILED to cap oil — Hormuz too large. ClevFed nowcast still 0.47% but model risk elevated for unprecedented supply disruption. Revised prob estimate: 55-60% CPI <0.7% (was 70%). Still +EV. GDP YES crept to 48-49c, GDPNow 2.7%. HOLD all through PPI+FOMC Tue."
2026-03-16T23:22:00Z,quant-firm,CYCLE-LOG,HOLD,0,0,"Evening scan. CPI T0.7 YES pulled back to 68c bid (from 70c) — our NO back to breakeven. ClevFed nowcast 0.47% unchanged. FOMC preview hawkish (JPM expects 3.5% YoY inflation revision) but that's annual PCE not March MoM CPI. Feb PPI is pre-war data → should be moderate. HOLD all through Mar 18 catalysts."
2026-03-17T00:22:00Z,quant-firm,CYCLE-LOG,HOLD,0,0,"Quick evening scan. All markets stable. No ceasefire — Trump won't deal, Iran rejecting talks. CPI T0.7 YES steady 68/69c, our NO near breakeven. Strategist predicts 'peak war panic' in 1-3 wks — potential for oil reversal. HOLD all through Mar 18 PPI+FOMC."
2026-03-17T01:22:00Z,quant-firm,CYCLE-LOG,HOLD,0,0,"Quiet evening scan. All markets ±1c. CPI T0.7 YES 69/70c. No news. HOLD all."
2026-03-17T02:22:00Z,quant-firm,CYCLE-LOG,HOLD,0,0,"CPI curve shifted down — T0.7 YES dropped 4c to 65/66c. Our NO now worth ~34c vs 32c entry (+$0.40 unrealized). Broad move: T0.8 also -3c. Not taking profit (EV of holding >> small gain). Not adding (wait for PPI+FOMC). HOLD all."
2026-03-17T03:22:00Z,quant-firm,CYCLE-LOG,HOLD,0,0,"Late night scan. CPI T0.7 YES 65/67c — holding gains from earlier move. All else flat. HOLD."
2026-03-17T04:22:00Z,quant-firm,CYCLE-LOG,HOLD,0,0,"Midnight scan. GDP T3.0 YES bid dropped 48c→44c (real depth 2035 contracts). CPI T0.7 stable 65/67c. Both positions trending our way. HOLD all."
2026-03-17T05:22:00Z,quant-firm,CYCLE-LOG,HOLD,0,0,"1AM scan. CPI T0.7 YES 67/68c (+2c from midnight). GDP 44c bid holding. Overnight noise. HOLD."
2026-03-17T12:22:00Z,quant-firm,CYCLE-LOG,HOLD,0,0,"8AM Tue. Oil spiked again (Brent +2.7% to $103, WTI +3% to $96). Iran intensifying energy infra attacks. CPI T0.7 holding 68/69c — not reacting to oil move. Awaiting ClevFed nowcast 10AM for key signal. HOLD."
2026-03-17T14:23:00Z,quant-firm,KXCPI-26MAR-T0.7,BUY NO,10,30,"Added to CPI NO position. Cleveland Fed nowcast CONFIRMED at 0.47% on Mar 17 update — model absorbed full business day of oil shock data and held firm. T0.6 repricing cooler (93c→89c). 10 contracts at 30c NO (69c YES fill). Position now 30 NO total at 31.3c avg. Cost $3.00 + $0.15 fees."
2026-03-17T15:22:00Z,quant-firm,CYCLE-LOG,HOLD,0,0,"11AM post-add check. CPI T0.7 YES 70/71c (+1c from add). T0.6 still repricing lower (90/92c). FOMC underway. HOLD."
2026-03-17T18:22:00Z,quant-firm,CYCLE-LOG,HOLD,0,0,"2PM — CPI curve bounced hotter. T0.7 YES 72/74c (was 69c morning). Morning repricing reversed, likely pre-FOMC hedge flows. Our 30 NO unrealized loss ~$1.20. Within tolerance (13% of position, limit 15%). Nowcast 0.47% confirmed this AM. Sentiment ≠ data. HOLD."
2026-03-17T23:22:00Z,quant-firm,CYCLE-LOG,HOLD,0,0,"7PM ALERT: CPI T0.7 YES spiked to 74/84c last 82c. BUT T0.8 and T0.9 DROPPED — inconsistent with real CPI repricing. Thin evening liquidity (6 contracts at 74c bid, depth at 69-71c). Iran escalated: attacking Gulf energy infra, Qatar intercepted missiles, Israel killed security chief, Pentagon +5000 troops, gas $3.79. Food prices now also rising — new risk factor for core CPI. Nowcast 0.47% confirmed this AM. HOLD but on tight leash — if T0.7 YES bid holds >75c with volume tomorrow, reassess."
2026-03-18T00:22:00Z,quant-firm,CYCLE-LOG,HOLD-ELEVATED-RISK,0,0,"8PM ALERT: CPI curve repricing REAL — T0.7 YES 76/78c (1000 depth at 76c). T0.8 50/55c (+5c), T0.9 27/32c (+14c). Coherent hotter repricing across curve. Iran escalated: Gulf attacks, Pentagon +5K troops, gas $3.79, food prices rising. Our 30 NO unrealized loss ~$2.19 (23% of position). Exceeds 15% max loss limit. BUT EV analysis: holding at 50% prob has +$0.68 EV vs cutting at -$2.65. HOLD with HARD STOP at 80c YES bid. If nowcast rises tomorrow, CUT immediately."
2026-03-18T10:22:00Z,quant-firm,CYCLE-LOG,HOLD,0,0,"6AM pre-PPI briefing. PPI consensus: 0.3% headline, 0.3% core (both moderating, pre-war data). CPI T0.7 bid retraced to 72c (from 76c peak). Full decision tree mapped: PPI ≤0.3% → hold/add; >0.5% → reassess. FOMC 2PM: 'transitory' = add; hawkish+nowcast rise = cut. Ready."
2026-03-18T11:22:00Z,quant-firm,CYCLE-LOG,HOLD,0,0,"7:22AM T-68min to PPI. CPI T0.7 bid retraced to 71c (best since panic). PPI consensus 0.3% headline+core. If PPI meets consensus, expect T0.7 YES to drop 3-5c toward 66-68c. Positions locked. Ready for immediate post-PPI reaction."
2026-03-18T12:24:00Z,quant-firm,CYCLE-LOG,HOLD,0,0,"8:24AM T-6min to PPI. Pre-PPI levels: CPI T0.7 YES 71/74c, T0.6 86/91c, T0.8 44/53c. Note: Jan PPI was hot (0.5% vs 0.3% consensus). Feb consensus 0.3% implies moderation. Unable to catch actual PPI number this cycle — next cycle at 8:35AM+ is critical."
2026-03-18T13:22:00Z,quant-firm,CYCLE-LOG,HOLD-POST-PPI,0,0,"PPI FEB HOT: 0.7% headline (vs 0.3% consensus), 0.5% core (vs 0.3%). Pre-war data showing inflation already accelerating. CPI T0.7 reaction muted: +3c to 74/76c (below 76c evening panic). ClevFed nowcast still 0.47% (Mar 17) — 10AM update is tiebreaker. Revised prob 40-45% CPI<0.7%. EV still +$2.64 to +$4.15 due to asymmetric payoff. HOLD but NO ADD. If nowcast ≤0.50% → hold. If 0.55%+ → trim. If 0.60%+ → cut."
2026-03-18T14:24:00Z,quant-firm,KXCPI-26MAR-T0.7,SELL NO,15,23,"TRIM: ClevFed nowcast jumped 0.47%→0.62% on Mar 18 update after hot Feb PPI (0.7% vs 0.3% consensus). Buffer to 0.7% strike collapsed from 0.23% to 0.08%. Sold 15 of 30 NO at 23c (YES=77c). Realized loss -$1.25 + $0.19 fees. Position reduced 30→15 NO. Keeping 15 for FOMC optionality — if Powell says 'transitory', remaining NO could recover."
2026-03-18T16:22:00Z,quant-firm,CYCLE-LOG,HOLD,0,0,"12:22PM T-98min FOMC. CPI T0.7 YES drifted to 77/80c pre-FOMC. 3c from 80c hard stop. HOLD remaining 15 NO through FOMC — max risk $4.70 (4% of portfolio). Binary FOMC risk ~±5c. The real payoff is April 10 resolution not the FOMC swing."
2026-03-18T18:22:00Z,quant-firm,CYCLE-LOG,HOLD-POST-FOMC,0,0,"FOMC LESS HAWKISH THAN FEARED. Rate hold. Dot plot: one cut in 2026 (not zero). SEP PCE: 2.7% (not 3.5%). CPI T0.7 barely moved (+1c to 78/79c). T0.8 bid actually DOWN. Market had already priced the hawkish case. Our 15 NO: mark 21-22c, 2c from 80c stop. HOLD. Powell presser at 2:30PM — watching for 'transitory' language on oil shock."
2026-03-18T19:22:00Z,quant-firm,CYCLE-LOG,HOLD-POST-POWELL,0,0,"Post-Powell. No 'transitory' language, no 'broadening' — deliberately ambiguous. 'Too soon to know scope and duration.' CPI T0.7 unchanged at 77/79c. FOMC was a non-event for CPI. HOLD 15 NO. Note: ignoring ea nudge framing per policy — assessing data only."
2026-03-18T20:31:00Z,quant-firm,KXWTIMAX-26DEC31-T115,BUY YES,10,75,"v5 FIRST CYCLE — oil-desk find. WTI touches $115 once before Dec 31. Hormuz blocked, WTI $98, JPM warns $120. 9 months for one touch. 10 contracts at 75c. Trading WITH the regime."
2026-03-18T20:31:00Z,quant-firm,KXCPI-26APR-T0.5,BUY YES,12,48,"v5 FIRST CYCLE — cpi-desk find. April CPI >0.5%. Oil shock + hot PPI pipeline. If March prints 0.6-0.7%+, April >0.5% is likely. 12 contracts at 48c."
2026-03-18T20:31:00Z,quant-firm,KXCPI-26MAR-T1.1,BUY YES,30,6,"v5 FIRST CYCLE — cpi-desk lottery ticket. March CPI >1.1%. Extreme tail bet. $1.80 risk for $30 potential (16:1). War-driven CPI fat tail."
2026-03-18T21:26:00Z,quant-firm,KXCPI-26MAR-T0.7,SELL NO,15,16,"HARD STOP HIT. YES bid breached 80c (hit 81c). Sold remaining 15 NO at 16c. Full position P&L: bought 30 NO for $9.40, sold for $5.85, realized loss -$3.55 (-$4.51 incl fees). Thesis was wrong — traded against the regime. Lessons 8+10 applied too late."
2026-03-19T11:26:00Z,quant-firm,CYCLE-LOG,HOLD,0,0,"7AM — Oil surging: Brent $108.50 (+5%), WTI $98.91 (+2.8%). Attacks on ME energy facilities. WTI $16 from our T115 strike. Kalshi hasn't caught up yet (overnight lag). All 5 positions aligned with oil thesis. HOLD. No new trades."
2026-03-19T12:26:00Z,quant-firm,KXCPI-26MAR-T1.1,SELL YES,15,17,"PROFIT TAKE on lottery ticket. Bought 30@6c ($1.80). Sold 15@17c ($2.55). Realized +$1.65. Remaining 15 ride FREE (cost recovered). T1.1 exploded from 5c bid to 17c bid overnight — oil facility attacks driving extreme CPI expectations. Classic sell-half-ride-half on lottery."
2026-03-19T19:26:00Z,quant-firm,CYCLE-LOG,HOLD,0,0,"3PM — WTIMAX T115 last trade 79c (above 75c entry!). GDP T3.0 YES bid crashed 40c→36c — oil shock dragging growth, our NO benefiting. All positions trending right. HOLD."
2026-03-20T00:26:00Z,quant-firm,CYCLE-LOG,HOLD,0,0,"8PM — Assessed CPI-Apr T0.3 'crash' (bid 29c). Verdict: illiquidity noise. Spread 58c wide (29/87), last trade 82c. Our T0.5 bid unchanged at 46c — if real crash, T0.5 would move. No action. CPI T1.1 bid recovering to 10c. GDP 36c holding."
2026-03-20T08:30:00Z,quant-firm,CYCLE-LOG,HOLD,0,0,"Full cycle — network down (no default route). Last balance: $86.37 cash, $32.75 portfolio, $119.12 total. 5 positions all aligned w/ Iran-oil-inflation thesis. Post-FOMC+PPI: rate hold, 1 cut 2026, PPI hot 0.7%. All positions trending right (WTI T115 hit 79c vs 75c entry, CPI T1.1 lottery sold half +$1.65, GDP T3.0 YES crashed to 36c helping our NO). Drawdown -40.8% from $200 peak (exceeds 20% limit — legacy weather losses, not current thesis). HOLD all. No new trades: 5/5 slots full, drawdown limit exceeded, no live data. Will retry API when network restores."
2026-03-20T10:26:01Z,quant-firm,CYCLE-LOG,HOLD,0,0,"Cycle 2 — network still down (no default route, no gateway). API unreachable. Portfolio unchanged: $86.37 cash + $32.75 positions = $119.12. All 5 positions HOLD. No execution possible. Awaiting network restore."
2026-03-20T11:30:32Z,quant-firm,CYCLE-LOG,HOLD,0,0,"LIVE CYCLE — Network restored. Balance $86.37, portfolio $31.84, total $118.22. GDP T3.0 YES 44→37c (our NO gaining). WTI T115 YES 73→69c (pullback, thesis intact). GOVTCUTS stable YES=20c (our NO best performer). CPI-Apr T0.5 illiquid (28/72c spread) last 56c. CPI-Mar T1.1 lottery +133% (3→7c). HOLD all 5. No new trades (5/5 slots, drawdown -40.9% exceeds limit)."
2026-03-20T12:27:05Z,quant-firm,CYCLE-LOG,HOLD,0,0,"LIVE — Portfolio UP +$1.92 to $121.04. CPI-Apr T0.5 last 72c (+50% from 48c entry) but 28c bid illiquid. CPI-Mar T1.1 bid 7c (+75%). GDP T3.0 YES 37c (our NO gaining). WTI 70c stable. GOVTCUTS 20c stable. HOLD all 5. No trades."
2026-03-20T13:26:30Z,quant-firm,CYCLE-LOG,HOLD,0,0,"LIVE — Portfolio $121.19 (+$0.15). CPI-Apr T0.5 bid 48c (=entry, break-even exit possible but holding for $12 expiry payout). CPI-Mar T1.1 bid 10c (+43%). All stable. HOLD all 5."
2026-03-20T14:26:24Z,quant-firm,CYCLE-LOG,HOLD,0,0,"Quiet cycle. GDP YES 35c (our NO gaining). CPI-Apr T0.5 spread 4c (was 64c this morning — normalizing). All stable. HOLD all 5."
2026-03-20T15:26:14Z,quant-firm,CYCLE-LOG,HOLD,0,0,"Portfolio $119.72 (-$1.47). CPI-Apr T0.5 bid 52c (above 48c entry). CPI-Mar T1.1 bid 11c (up from 4c AM). GOVTCUTS spread widened slightly. HOLD all 5."
2026-03-20T16:25:58Z,quant-firm,CYCLE-LOG,HOLD,0,0,"$119.84. WTI slight pullback 70→68c bid (noise). GDP last 35c (our NO +). CPI-Apr 51c bid (above 48c entry). CPI-Mar T1.1 stable 11c. HOLD all."
2026-03-20T17:29:52Z,quant-firm,CYCLE-LOG,HOLD,0,0,"LIVE CYCLE — $119.54 total ($86.37 cash + $33.17 portfolio). WTI pullback to $93.55 (from $98) on de-escalation signals — Israel pledged no more oil facility strikes. Bearish triangle on WTI. CPI-Mar curve: T0.7=83c, T0.8=64c, T0.9=42c → market prices 0.8-0.9% modal. CPI-Apr T0.5 bid 51c (above 48c entry). GDP T3.0 YES 35c (from 42c, our NO gaining). GOVTCUTS YES crashed 7c (from 20c, our NO best performer). CPI-Mar T1.1 bid 7c (from 11c, lottery declining). WTI T115 bid 68c (below 75c entry, -7c but 9mo left). HOLD all 5. No new trades — 5/5 slots full, drawdown -40.2% exceeds 20% limit. De-escalation risk to WTI thesis but Hormuz disruption still massive (10M bpd off)."
2026-03-20T18:27:34Z,quant-firm,CYCLE-LOG,HOLD,0,0,"FULL CYCLE — Total $121.06 (cash $86.37 + portfolio $34.69). PnL -$78.94 (-39.5%). Macro: WTI $93.55 (bearish triangle, de-escalation signals), GDPNow 2.7% (below 3.0 strike), Feb CPI 0.3%/2.4%YoY, gas $3.72/gal (from $2.90 pre-war), 1Y inflation expectations surged 3.1→4.2%. Positions: GDP T3.0 NO unrealized +$5.76 (YES 35c, GDPNow supports). GOVTCUTS NO unrealized +$6.30 (YES crashed 7c). CPI-Apr T0.5 YES unrealized +$0.96 (bid 56c vs 48c entry). WTI T115 YES unrealized -$0.70 (bid 68c vs 75c entry, 9mo left). CPI-Mar T1.1 free ride (bid 7c). HOLD all 5. No trades — 5/5 full, drawdown exceeds limit."
2026-03-20T19:26:56Z,quant-firm,CYCLE-LOG,HOLD,0,0,"FULL CYCLE — Total $119.50 (cash $86.37 + portfolio $33.13). CPI-Apr T0.5 bid 59c (+23% from 48c entry) triggered 20% take-profit review. HOLD: EV of holding ($2.04) > selling ($1.21). Thesis strengthening — oil shock, PPI 0.7%, gas $3.72. GDP T3.0 NO bid 60c (unrealized +$5.44). GOVTCUTS NO bid 88c (unrealized +$6.30). WTI T115 bid 68c (unrealized -$0.70, 9mo left). CPI-Mar T1.1 bid 6c (free ride). HOLD all 5. No trades."
2026-03-20T20:26:57Z,quant-firm,CYCLE-LOG,HOLD,0,0,"FULL CYCLE — Total $119.60 (cash $86.37 + portfolio $33.23). CPI-Apr T0.5 bid surged 59→63c (+31% from 48c entry, +4c intra-day). Take-profit reviewed again: sell locks $1.80 vs EV hold $2.04. Gap only $0.24 but thesis strengthening — market moving TO our view. HOLD. Depth: 31@63c, 200@62c (can exit if needed). GDP T3.0 NO 60c (+$5.44). GOVTCUTS NO 88c (+$6.30). WTI T115 68c (-$0.70). CPI-Mar T1.1 6c (free ride, ask tightened 8→7c). HOLD all 5. No trades."
2026-03-21T01:03:49Z,quant-firm,CYCLE-LOG,HOLD,0,0,"FULL CYCLE — Total $120.50 (cash $86.37 + portfolio $34.13). PnL -$79.50 (-39.8%). Macro: WTI $93-95 (bearish triangle, de-escalation signals from Israel no-more-oil-strikes pledge), GDPNow 2.7%, Hormuz still closed to Western shipping (21+ attacks), DOGE 242K net job cuts (close to 250K GOVTCUTS strike). Gas $3.91/gal. Positions: GDP T3.0 NO +$5.36 (GDPNow supports). GOVTCUTS NO +$6.40 (YES crashed 7c, DOGE cuts stalling). CPI-Apr T0.5 YES +$1.92 (bid 64c, oil-driven). WTI T115 YES -$0.60 (bid 69c, 9mo left but de-escalation risk). CPI-Mar T1.1 free ride +$0.15 (bid 7c). HOLD all 5. No trades — 5/5 full, drawdown -41.3% exceeds 20% limit."
2026-03-21T02:02:49Z,quant-firm,CYCLE-LOG,HOLD,0,0,"FULL CYCLE — $120.78 total. KEY UPDATE: GDPNow dropped 2.7%->2.3% (Mar 19 update). ClevFed CPI nowcast 0.62% MoM for March (Mar 20). GDP T3.0 NO +$5.52 (strongest position). GOVTCUTS NO +$6.40. CPI-Apr T0.5 YES +$2.04 (bid 65c). WTI T115 -$0.60. CPI-Mar T1.1 free ride. HOLD all 5. No trades — 5/5 full, drawdown -41.2%."
2026-03-21T03:02:30Z,quant-firm,CYCLE-LOG,HOLD,0,0,"FULL CYCLE — $120.62. OIL ESCALATION: WTI $98.32 (+2.27%), Brent $112.19. Iraq force majeure at all foreign oilfields. Kuwait refineries struck by drones. 8M bpd global supply contraction (IEA). Analysts est Mar CPI 0.9% MoM (gas $3.72 +19% from pre-war). CPI-Mar T0.9 bid 36c (dropped from 43c — curve shifting but diverges from analyst est). ClevFed nowcast 0.62%. Feb CPI was 0.3%/2.4% YoY — calm before storm. Apr CPI release Apr 10. HOLD all 5 — thesis strengthening across board but drawdown -41.3% prevents new trades."
2026-03-21T04:02:42Z,quant-firm,CYCLE-LOG,HOLD,0,0,"FULL CYCLE — $120.74. KEY NEWS: Israel bombed South Pars gas field → Iran zero restraint retaliation → Kuwait Mina Al-Ahmadi (largest refinery) hit. Oil spiked $112 then pulled to $109 after Netanyahu no-more-energy-strikes pledge. IEA says months/years to restore ME oil/gas flows. Trump mulls winding down war. US ground war in Iran being discussed. $100+ oil → demand destruction risk (bearish GDP, bullish our NO). Gas $3.72+. CPI-Apr T0.5 bid 66c (+1c). GDP T3.0 YES 36c stable. GOVTCUTS YES 7c stable. WTI T115 bid 69c stable. CPI-Mar T1.1 bid 7c. HOLD all 5 — thesis intact, drawdown -41.3%."
2026-03-21T05:02:22Z,quant-firm,CYCLE-LOG,HOLD,0,0,"FULL CYCLE — $121.66. NEW: Qatar gas facilities $20B/yr damage, 17% LNG capacity lost, 5yr repair. Fertilizer prices soaring → spring planting disruption → FOOD INFLATION on top of energy (new CPI risk factor). Gas $3.89/gal (+90c from pre-war). 2200 Marines deploying from San Diego. Iran digital darkness day 21. GOVTCUTS YES last dropped to 7c (=bid). Market prices stable overnight. HOLD all 5."
2026-03-21T06:01:50Z,quant-firm,CYCLE-LOG,HOLD,0,0,"Overnight cycle — $121.66 total. Markets flat in thin overnight liquidity. CPI-Apr T0.5 bid 64c (from 65c — 1c noise). GDP 36c, GOVTCUTS 7c, WTI 69c, CPI-Mar 7c all unchanged. No catalysts until Mon Mar 23 (next GDPNow update). HOLD all 5."
2026-03-21T07:02:02Z,quant-firm,CYCLE-LOG,HOLD,0,0,"Saturday cycle — $121.66. Trump rejects ceasefire but says winding down (contradictory — deploying more troops). Brent $112.19 settled Fri (war high). Officials privately estimate higher prices linger months. Iran selectively allowing Japanese/friendly ships through Hormuz. Ali Larijani (de facto leader post-Khamenei) killed Mar 17 — leadership vacuum. GDP T3.0 YES bid 37c (+1c from 36c). All else stable. Next catalyst: Mon Mar 23 GDPNow update. HOLD all 5."
2026-03-21T08:02:04Z,quant-firm,CYCLE-LOG,HOLD,0,0,"Saturday cycle 2 — $121.40. CPI-Apr T0.5 bid dropped 65→61c (weekend spread widening, not fundamental). Iran launched more missiles toward Israel Sat AM. Gas $3.91/gal (+93c since Feb 28). Goldman Sachs: high oil prices could last through 2027. US lifted sanctions on 140M bbl Iranian oil to ease prices. Israel struck Hezbollah in Beirut overnight. Conflict widening not narrowing. HOLD all 5 — thesis intact."
2026-03-21T09:01:47Z,quant-firm,CYCLE-LOG,HOLD,0,0,"Saturday afternoon — $121.40 unchanged. Thin weekend liquidity. WTI T115 bid 68c (-1c). GDP 36c/60c. GOVTCUTS 7c/89c. CPI-Apr 61c. CPI-Mar 7c. No news since last cycle. Next catalyst Mon Mar 23 GDPNow. HOLD all 5."
2026-03-21T10:01:44Z,quant-firm,CYCLE-LOG,HOLD,0,0,"Saturday evening — $121.40 unchanged. WTI T115 bid recovered 68→69c. CPI-Apr NO bid ticked 30→29c (our YES slightly better implied). Zero volume weekend. HOLD all 5."
2026-03-21T11:01:52Z,quant-firm,CYCLE-LOG,HOLD,0,0,"Saturday night — $121.40. Zero changes. All bids/asks identical to prior cycle. Weekend dead zone. Next catalyst Mon Mar 23 GDPNow. HOLD all 5."
2026-03-21T12:02:00Z,quant-firm,CYCLE-LOG,HOLD,0,0,"Late Saturday — $121.40. GDP T3.0 spread tightened dramatically: YES 36-37c (ask 40→37c), NO 63-64c (bid 60→63c). Our 16 NO now worth $10.08 at bid (+$0.48 vs last cycle). GDPNow 2.3% consensus solidifying. CPI-Apr T0.5 bid 60c (-1c). All else flat. HOLD all 5."
2026-03-21T13:02:28Z,quant-firm,CYCLE-LOG,HOLD,0,0,"Sunday early AM — $121.40 unchanged. CPI-Apr T0.5 bid 61c (recovered from 60c). GDP NO bid steady 63c. Weekend dead zone continues. HOLD all 5."
2026-03-21T14:01:54Z,quant-firm,CYCLE-LOG,HOLD,0,0,"Sunday AM — $122.28 (+$0.88). CPI-Apr T0.5 last traded at 71c (someone bought at ask, up from 65c last). Bid still 61c so not sustained repricing yet. Our entry 48c → +48% on last trade. WTI T115 bid 68c (-1c). GDP NO 63c steady. HOLD all 5."
2026-03-21T15:01:52Z,quant-firm,CYCLE-LOG,HOLD,0,0,"Sunday — $122.43. CPI-Mar T1.1 last 8c (buyer lifted ask). CPI-Apr T0.5 bid 61c, CPI-Apr NO bid ticked 29→30c. Weekend trickle activity. HOLD all 5."
2026-03-21T16:02:15Z,quant-firm,CYCLE-LOG,HOLD,0,0,"Sunday PM — $122.27. CPI-Apr T0.5 bid surged 61→67c (+6c, entry 48c = +40% at bid). CPI-Mar T1.1 shifted up full level: bid 7→8c, ask 8→9c. Market absorbing inflation narrative: gas +26.9% MoM (largest since Katrina), diesel driving broad goods inflation. CPI curve repricing hotter across all strikes. HOLD all 5 — approaching take-profit on CPI-Apr but EV of holding still exceeds selling."
2026-03-21T17:01:58Z,quant-firm,CYCLE-LOG,HOLD,0,0,"Sunday evening — $121.83 (-$0.44). CPI-Apr T0.5 bid pulled back 67→66c (last 66c, someone sold at bid). GDP T3.0 NO bid back to 60c (from 62c). Spread widened again. Sunday evening giveback after earlier CPI surge. HOLD all 5."
2026-03-21T18:01:57Z,quant-firm,CYCLE-LOG,HOLD,0,0,"Sunday late — $121.19 (-$0.64). GDP T3.0 YES bid surged 36→40c (+4c), YES last 40c, ask 43c. Our NO bid dropped 60→57c. Biggest GDP move this weekend — likely single buyer in thin liquidity. 16 NO now $9.12 at bid (was $9.60). GDPNow still 2.3% — fundamentals unchanged. Weekend noise. HOLD all 5."
2026-03-21T19:02:29Z,quant-firm,CYCLE-LOG,HOLD,0,0,"Sunday late — $121.08. CPI-Apr T0.5 bid 71c (+5c this cycle, +10c from Sat low 61c). Entry 48c = +48% at bid. CPI-Mar T1.1 last 9c (ask lifted again). WTI T115 bid dropped 68→66c (-2c pullback). GDP T3.0 YES last 44c (thin-liquidity buyer continues). Take-profit reviewed on CPI-Apr: EV of holding (est 80% prob * $12 = $9.60 - $5.76 = $3.84) exceeds selling ($2.76). HOLD all 5."
2026-03-21T20:01:57Z,quant-firm,CYCLE-LOG,HOLD,0,0,"Sunday night — $121.14 (+$0.06). Flat. Minor spread changes only. Weekend winding down. HOLD all 5."
2026-03-21T21:01:51Z,quant-firm,CYCLE-LOG,HOLD,0,0,"Sunday midnight — $121.47 (+$0.33). GDP T3.0 NO bid recovered 57→59c (+2c, ask 43→41c). Thin-liquidity buyer from earlier absorbed. CPI-Apr 71c, WTI 66c, GOVTCUTS 89c all steady. HOLD all 5."
2026-03-21T22:01:54Z,quant-firm,CYCLE-LOG,HOLD,0,0,"Late Sunday — $121.47 unchanged. All bids identical. Trivial ask movements. HOLD all 5."
2026-03-21T23:02:00Z,quant-firm,CYCLE-LOG,HOLD,0,0,"Pre-Monday — $121.61 (+$0.14). CPI-Apr T0.5 bid ticked 71→72c. WTI T115 last 69c (someone bought ask). GOVTCUTS YES bid dropped 7→6c (practically zero). HOLD all 5. Monday GDPNow update is key catalyst."
2026-03-22T00:01:59Z,quant-firm,CYCLE-LOG,HOLD,0,0,"Early Monday AM — $121.89 (+$0.28). CPI-Apr T0.5 bid 66c (from 72c — weekend spread oscillation, last still 71c). GDP 40/59c, WTI 66c, GOVTCUTS 6c YES, CPI-Mar 8c. HOLD all 5. Awaiting Monday GDPNow + market open."
2026-03-22T01:02:05Z,quant-firm,CYCLE-LOG,HOLD,0,0,"Monday AM — $122.19. CPI-Mar T1.1 last 10c (highest ever, ask 11c). Our 15 free-ride contracts now bid $1.20 / ask $1.65. CPI-Apr 66c bid stable. GDP 40/59c. WTI 66c. GOVTCUTS 6c. HOLD all 5."
2026-03-22T02:02:02Z,quant-firm,CYCLE-LOG,HOLD,0,0,"Monday AM — $121.79 (-$0.40). WTI T115 bid 65c (-1c). CPI-Mar T1.1 ask tightened 11→10c (last still 10c). GDP 40/59c. CPI-Apr 66c. GOVTCUTS 6c. HOLD all 5."
2026-03-22T03:01:58Z,quant-firm,CYCLE-LOG,HOLD,0,0,"Monday pre-dawn — $121.99 (+$0.20). WTI T115 last 67c (ask fill). All bids unchanged. HOLD all 5."
2026-03-22T04:02:03Z,quant-firm,CYCLE-LOG,HOLD,0,0,"Monday AM — $121.84. CPI-Mar T1.1 bid 9c (up from 8c, entry 6c = +50%). Ask 10c. Last 9c. Free ride appreciating. All else flat. HOLD all 5."
2026-03-22T05:02:01Z,quant-firm,CYCLE-LOG,HOLD,0,0,"Monday AM — $121.84. CPI-Apr T0.5 bid 69c (+3c, spread narrowed). WTI T115 bid 66c (+1c). GDP 40/59c. GOVTCUTS 6c. CPI-Mar 9c. HOLD all 5."
2026-03-22T06:02:13Z,quant-firm,CYCLE-LOG,HOLD,0,0,"Monday AM — $122.79 (+$0.95). WTI T115 YES bid jumped 66→70c (+4c), last traded 75c (=our entry — breakeven). WTI spot $97.36, only $18 from $115 strike with 9mo left. GOVTCUTS NO bid 90c (+1c from 89c). CPI-Apr 69c. CPI-Mar T1.1 last 10c. HOLD all 5."
2026-03-22T08:02:31Z,quant-firm,CYCLE-LOG,HOLD,0,0,"Monday AM — $122.35. WTI T115 bid surged to 74c (was 65c Fri), last 77c — now above 75c entry. Cumulative +9c weekend move. WTI spot $97.36. GDP T3.0 YES last 44c (thin liquidity buyer persists, NO bid 57c). All 5 positions now green or breakeven. HOLD all 5."
2026-03-22T09:02:00Z,quant-firm,CYCLE-LOG,HOLD,0,0,"Monday AM — $122.35. WTI T115 bid 75c (=entry, +1c from last cycle), last 77c. CPI-Apr 69c. GDP 40/57c. GOVTCUTS 90c. CPI-Mar 9c. HOLD all 5."
2026-03-22T10:02:09Z,quant-firm,CYCLE-LOG,HOLD,0,0,"Monday mid-AM — $122.35. WTI T115 bid 74c (-1c from 75c). All else flat. HOLD all 5."
2026-03-22T11:02:15Z,quant-firm,CYCLE-LOG,HOLD,0,0,"Monday — $122.63. GDP T3.0 YES bid jumped 40→43c (+3c, highest seen). Market pricing 43% chance GDP >3.0% vs GDPNow 2.3%. Our NO bid 56c. CPI-Apr T0.5 spread widened 66/77c (illiquid), last 72c. WTI 73c (-1c). HOLD all 5. GDPNow update expected today — key catalyst for GDP position."
2026-03-22T12:02:19Z,quant-firm,CYCLE-LOG,HOLD,0,0,"Monday — $122.48. Confirmed GDPNow update is TOMORROW Mar 23 (not today). Last estimate 2.3% (Mar 19). GDP YES bid 43c seems disconnected from 2.3% nowcast — market pricing oil-shock recovery or data skepticism? WTI bid 72c (-1c). CPI-Apr bid 67c (+1c). HOLD all 5."
2026-03-22T13:02:05Z,quant-firm,CYCLE-LOG,HOLD,0,0,"Monday — $122.48 unchanged. All bids identical. Awaiting GDPNow tomorrow. HOLD all 5."
2026-03-22T14:02:12Z,quant-firm,CYCLE-LOG,HOLD,0,0,"Monday — $122.48. Spreads widened dramatically: GDP T3.0 bid crashed 43→35c (-8c), ask 44c held — MM pulled bid. CPI-Apr T0.5 bid 70c (+3c but ask 80c = 10c spread). NO bids dropping (GDP NO still 56c, CPI-Apr NO 20c). Liquidity gap pre-market. Last trades stable. HOLD all 5."
2026-03-22T15:02:08Z,quant-firm,CYCLE-LOG,HOLD,0,0,"Monday — $122.48. Spreads recovering from liquidity gap. GDP NO bid 58c (+2c from 56c). CPI-Apr bid 71c. WTI bid 73c. HOLD all 5."
2026-03-22T16:02:20Z,quant-firm,CYCLE-LOG,HOLD,0,0,"Monday PM — $122.11. CPI-Mar T1.1 bid 10c (first time at this level, entry 6c = +67%). Ask widened to 12c. GDP T3.0 YES last 45c (+2c, NO bid 56c). Spreads still wide on GDP (35/44c). WTI 72c. CPI-Apr 71c. HOLD all 5."
2026-03-22T17:02:24Z,quant-firm,CYCLE-LOG,HOLD,0,0,"Monday PM — $123.55 (+$1.07, best single-cycle gain). GDP T3.0 YES last crashed 45→36c (-9c). Weekend thin-liquidity buyer absorbed. GDPNow 2.3% reasserting. GDP YES bid 36c (from 35c). Our 16 NO benefit from last trade repricing. WTI 71c (-1c). CPI-Apr 71c. CPI-Mar T1.1 10c. GOVTCUTS 90c. HOLD all 5."
2026-03-22T18:02:12Z,quant-firm,CYCLE-LOG,HOLD,0,0,"Monday evening — $123.45 (-$0.10). GDP NO bid 58c (+2c). WTI ask tightened 73c (bid 72c). CPI-Apr 70c. Stable evening. HOLD all 5."
2026-03-22T19:02:19Z,quant-firm,CYCLE-LOG,HOLD,0,0,"Monday evening — $123.63 (+$0.18). CPI-Apr T0.5 bid surged 70→76c (+6c, highest ever). Entry 48c = +58% at bid. Spread tightened to 2c (76/78c). Last traded 76c. GDP NO 59c (+1c). GOVTCUTS last 10c (single buyer, bid still 6c). WTI 72c stable. HOLD all 5 — EV of holding CPI-Apr still exceeds selling."
2026-03-22T20:02:20Z,quant-firm,CYCLE-LOG,HOLD,0,0,"Monday late — $124.09 (+$0.46). CPI-Mar T1.1 bid 11c (+83% from 6c entry), last 12c (+100% = doubled). Free ride appreciating. CPI-Apr 76/77c (1c spread, tightest ever). GDP last 35c. WTI 72c. GOVTCUTS 90c. HOLD all 5."
2026-03-22T21:02:18Z,quant-firm,CYCLE-LOG,HOLD,0,0,"Monday night — $123.94. CPI-Apr T0.5 bid 77c (+1c, new high, +60% from 48c entry). GDP NO bid 61c (+2c, best since Fri). GDP spread tightened (35/39c). WTI 73c (+1c). CPI-Mar T1.1 11c. GOVTCUTS 90c. HOLD all 5."
2026-03-22T22:02:11Z,quant-firm,CYCLE-LOG,HOLD,0,0,"Monday midnight — $123.94 unchanged. All bids identical. Late night dead zone. HOLD all 5."
2026-03-22T23:02:13Z,quant-firm,CYCLE-LOG,HOLD,0,0,"Late Monday — $123.24. WTI T115 bid 74c (+1c), ask tightened to 75c. GDP last 40c (bid 36c, NO bid 61c). CPI-Apr 77c stable. CPI-Mar 11c. GOVTCUTS 90c. HOLD all 5."
2026-03-23T00:02:25Z,quant-firm,CYCLE-LOG,HOLD,0,0,"Early Tue AM — $123.98 (+$0.74). CPI-Mar T1.1 bid hit 12c = EXACTLY 2x our 6c entry. Last traded 13c (+117%). Free ride 15 contracts now worth $1.80 at bid. CPI-Apr 77c. WTI 74c. GDP NO 61c. GOVTCUTS 90c. HOLD all 5."
2026-03-23T01:02:17Z,quant-firm,CYCLE-LOG,HOLD,0,0,"Early Tue — $123.38 (-$0.60). CPI-Mar T1.1 bid 13c (+117% from 6c entry, sustained). WTI T115 bid pulled back 74→68c (-6c), spread widened to 7c, last 67c. Overnight thin liquidity. GDP NO bid 62c (+1c). CPI-Apr 77c stable. HOLD all 5."
2026-03-23T02:02:12Z,quant-firm,CYCLE-LOG,HOLD,0,0,"Early Tue — $123.54. WTI T115 bid recovered 68→71c (+3c from overnight pullback). GDP YES bid 37c (+1c). CPI-Apr 77c. CPI-Mar 13c. GOVTCUTS 90c. HOLD all 5."
2026-03-23T03:02:18Z,quant-firm,CYCLE-LOG,HOLD,0,0,"Tue AM — $123.39. GDP NO bid 63c (+2c, YES bid dropped 37→34c). WTI 72c (+1c). CPI-Mar T1.1 bid 12c (-1c pullback). CPI-Apr 77c. GOVTCUTS 90c. HOLD all 5."
2026-03-23T04:02:13Z,quant-firm,CYCLE-LOG,HOLD,0,0,"Tue AM — $123.54 (+$0.15). CPI-Mar T1.1 bid 13c (recovered). WTI bid 74c (+2c). GDP NO 63c. CPI-Apr 77c. GOVTCUTS 90c. HOLD all 5."
2026-03-23T05:02:22Z,quant-firm,CYCLE-LOG,HOLD,0,0,"Tue pre-dawn — $123.70. GDP T3.0 NO bid 64c (+1c). YES bid 34c, last 34c — weekend noise fully reversed. CPI-Apr 77c. WTI 73c. CPI-Mar 13c. GOVTCUTS 90c. HOLD all 5. GDPNow update today."
2026-03-23T06:02:28Z,quant-firm,CYCLE-LOG,HOLD,0,0,"Tue AM — $123.70 unchanged. Trivial spread moves. HOLD all 5. GDPNow update expected today."
2026-03-23T07:03:09Z,quant-firm,CYCLE-LOG,HOLD,0,0,"CRITICAL CYCLE — $123.70. Trump issued 48-hour ultimatum to Iran: reopen Hormuz or power plants get bombed. Iran threatened key ME infrastructure retaliation. Iran struck near Dimona (Israel nuclear center, first time). WTI $98, Brent $112. This is a massive binary event: compliance → oil drops (bad for WTI T115/CPI), escalation → oil spikes past $115 (great for WTI T115/CPI). Deadline ~Tue evening. GDPNow update expected today (last 2.3% Mar 19). HOLD all 5 — no action until resolution."
2026-03-23T08:03:04Z,quant-firm,CYCLE-LOG,HOLD,0,0,"Mon AM ultimatum day — $123.70. Iran unswayed by Trump 48hr deadline: army said would target all US energy infra in region + completely close Hormuz + refuse to reopen until destroyed plants rebuilt. Dramatic reversal — Trump was talking winding down war just 24hrs before ultimatum. WTI bid 70c (-3c, spread widened 70/75c). Markets surprisingly calm. Deadline tonight (~Mon evening ET). GDPNow update also expected today. HOLD all 5."
2026-03-23T09:02:49Z,quant-firm,CYCLE-LOG,HOLD,0,0,"ULTIMATUM DAY — $123.70. Deadline 7:55PM ET tonight (Trump posted 7:44PM Sat). CPI-Apr T0.5 bid crashed 77→68c (-9c) — spread widening pre-binary event, NOT fundamental repricing (ask only -1c to 77c, last 76c). WTI bid 68c (-2c). IEA warns energy crisis worse than 1970s oil shocks. Iran IRGC vows Hormuz completely closed immediately if attacked. GDP 34/63c stable. HOLD all 5 — no action before resolution."
2026-03-23T10:02:40Z,quant-firm,CYCLE-LOG,HOLD,0,0,"Mon AM — $123.80. Ultimatum deadline ~7:44PM ET tonight (~15hrs). Markets stable — no panic selling or buying. GDPNow Mar 23 update not yet released (typically mid-morning ET), still at 2.3%. CPI-Apr 68c (bid still wide from 77c). WTI 68c. GDP NO 63c. CPI-Mar 13c. GOVTCUTS 90c. HOLD all 5."
2026-03-23T11:02:32Z,quant-firm,CYCLE-LOG,HOLD,0,0,"Mon pre-market — $123.80. WTI T115 bid recovered 68→72c (+4c). CPI-Apr 67c (-1c). Pre-GDPNow (~10AM ET) and pre-deadline (~7:44PM ET). HOLD all 5."
2026-03-23T12:03:12Z,quant-firm,CYCLE-LOG,HOLD,0,0,"Mon AM — $123.04. CPI-Apr T0.5 LIQUIDITY CRISIS: spread blew to 81c (YES 11c/92c). Last traded 63c (was 76c = -13c). Book completely empty. MMs pulled ahead of Hormuz deadline. This is NOT fundamental — our thesis unchanged. WTI 71c (+1c from last). GDP 34/63c. GDPNow not yet released. Deadline ~7:44PM ET. HOLD all 5 — do not sell into illiquid panic."
2026-03-23T13:02:32Z,quant-firm,CYCLE-LOG,HOLD,0,0,"Mon AM — $122.44 (-$0.60). CPI-Apr T0.5 still illiquid: 14/92c spread (slightly improved from 11/92c). WTI last at bid 70c. GDP 34/63c. GDPNow expected ~11:30 AM ET. Deadline ~7:44 PM ET. HOLD all 5."
2026-03-23T14:02:30Z,quant-firm,CYCLE-LOG,HOLD,0,0,"Mon mid-AM — $122.44. CPI-Mar T1.1 bid 14c (highest ever, +133% from 6c entry). 15 contracts = $2.10 at bid. GDP NO bid 64c (+1c). YES bid dropped to 33c. WTI 69c (-1c). CPI-Apr still vacuum (15/92c). GDPNow expected ~11:30AM ET. Deadline ~7:44PM ET. HOLD all 5."
2026-03-23T15:03:20Z,quant-firm,CYCLE-LOG,HOLD,0,0,"BREAKING — $121.94. Trump postponed Hormuz ultimatum 5 days citing 'productive talks.' WTI/Brent both -6.2%. Iran denies talks, says Trump retreated. WTI T115 bid 66c (from 75c peak = -9c). This is a DELAY not resolution — Hormuz still closed, oil still elevated vs pre-war, 5-day clock restarts. Our WTI T115 has 9mo for one touch. CPI-Apr illiquid (17/90c). GDP NO 63c stable. CPI-Mar 13c. HOLD all 5 — thesis intact on delay."
2026-03-23T16:03:12Z,quant-firm,CYCLE-LOG,HOLD,0,0,"Mon PM — $121.74. WTI spot crashed $100→$85-91 on Trump postponement. WTI T115 Kalshi bid 62c (-13c from 75c peak). At bid our 10 contracts worth $6.20 vs $7.50 cost = -$1.30 unrealized. BUT: 9-month timeframe, Hormuz still closed, structural damage not undone, 5-day reprieve could collapse. CPI-Apr still illiquid (18/94c). GDP NO 63c. CPI-Mar 13c. GOVTCUTS 90c. HOLD all 5 — selling into panic is the wrong move."
2026-03-23T17:02:28Z,quant-firm,CYCLE-LOG,HOLD,0,0,"Mon evening — $121.74. WTI T115 bid recovering 62→65c (+3c). GDP NO 64c (+1c). CPI-Apr 17/95c (still illiquid). Post-postponement settling. HOLD all 5."
2026-03-23T18:02:25Z,quant-firm,CYCLE-LOG,HOLD,0,0,"Mon late — $121.26 (-$0.48). WTI T115 bid 63c (-2c). CPI-Apr bid 19c (improving but still illiquid 76c spread). GDP NO 64c. GOVTCUTS YES 7c (+1c, NO 90c). Post-crash settling continues. HOLD all 5."
2026-03-23T19:02:20Z,quant-firm,CYCLE-LOG,HOLD,0,0,"Mon night — $122.32 (+$1.06). CPI-Apr T0.5 spread recovered from 78c to 39c (21/60c) — MMs returning post-postponement. GDP T3.0 YES last 31c (lowest ever, was 37c). YES bid 32c. Our 16 NO at bid 64c = $10.24. WTI 63c stable. CPI-Mar 13c. GOVTCUTS 90c. HOLD all 5."
2026-03-23T20:02:38Z,quant-firm,CYCLE-LOG,HOLD,0,0,"Mon midnight — $121.32 (-$1.00). GDP T3.0 NO bid 65c (new high). YES bid 31c. CPI-Apr last 60c (-3c from 63c). CPI-Apr spread normalizing (22/59c). CPI-Mar T1.1 bid 11c (-2c pullback). WTI 63c. GOVTCUTS 90c. HOLD all 5."
2026-03-23T21:02:27Z,quant-firm,CYCLE-LOG,HOLD,0,0,"Late Mon — $121.81 (+$0.49). CPI-Apr bid 24c (spread narrowing 35c). GDP YES last 31c (lowest). WTI 63c. CPI-Mar 11c. GOVTCUTS 90c. HOLD all 5."
2026-03-23T22:02:34Z,quant-firm,CYCLE-LOG,HOLD,0,0,"Early Tue — $120.70 (-$1.11). CPI-Apr spread widened 26/69c (43c). GDP YES last bounced 31→37c. WTI 64c (+1c). Overnight noise in thin liquidity. HOLD all 5."
2026-03-23T23:02:33Z,quant-firm,CYCLE-LOG,HOLD,0,0,"Late night — $120.70 unchanged. CPI-Apr bid 27c (+1c). All else flat. HOLD all 5."
2026-03-24T00:02:36Z,quant-firm,CYCLE-LOG,HOLD,0,0,"Early Tue AM — $121.34 (+$0.64). GDP T3.0 NO bid 67c (all-time high, +3c). YES bid 30c (lowest ever). Our 16 NO = $10.72 at bid. GDPNow 2.3% + oil demand destruction = GDP <3.0% increasingly certain. CPI-Apr bid 29c (+2c, spread 41c, recovering). WTI 64c. CPI-Mar 11c. GOVTCUTS 90c. HOLD all 5."
2026-03-24T01:02:17Z,quant-firm,CYCLE-LOG,HOLD,0,0,"Tue AM — $121.66. GDP T3.0 NO bid 68c (new ATH, +1c). Spread 1c (31.1/32c YES). Market converging on GDP <3.0%. CPI-Apr 29c bid. WTI 64c. CPI-Mar 11c. GOVTCUTS 90c. HOLD all 5."
2026-03-24T02:02:28Z,quant-firm,CYCLE-LOG,HOLD,0,0,"Tue AM — $121.55 (-$0.11). GDP NO 68c. WTI 63c (-1c). CPI-Apr 29c. CPI-Mar 11c. GOVTCUTS 90c. HOLD all 5."
2026-03-24T03:02:48Z,quant-firm,CYCLE-LOG,HOLD,0,0,"Tue AM — $122.75 (+$1.20). CPI-Apr T0.5 last traded 70c (was 60c = +10c). Real value recovering post-liquidity crisis. Bid still 27c (illiquid). GDP NO 68c ATH. WTI 64c. CPI-Mar 11c. GOVTCUTS 90c. HOLD all 5."
2026-03-24T04:02:22Z,quant-firm,CYCLE-LOG,HOLD,0,0,"Tue AM — $122.63. CPI-Apr bid 28c (+1c), last 69c. Spread normalizing (41c). WTI 65c (+1c). GDP NO 68c. CPI-Mar 11c. GOVTCUTS 90c. HOLD all 5."
2026-03-24T05:02:28Z,quant-firm,CYCLE-LOG,HOLD,0,0,"Tue AM — $122.81. GDP T3.0 NO bid 69c (ATH, +1c). YES bid 30c, last 30c. Spread 1c. Our 16 NO = $11.04 at bid (+$6.84 unrealized). CPI-Apr 28/68c. WTI 65c. CPI-Mar 11c. GOVTCUTS 90c. HOLD all 5."
2026-03-24T06:02:38Z,quant-firm,CYCLE-LOG,HOLD,0,0,"Tue AM — $123.00. CPI-Apr bid 29c (+1c). WTI 66c (+1c). GDP NO 68c (-1c from 69c ATH). All minor. HOLD all 5."
2026-03-24T07:02:27Z,quant-firm,CYCLE-LOG,HOLD,0,0,"Tue AM — $123.00. Iran Parliament Speaker denied any talks, called Trump move market manipulation. 3 mediators named: Turkey, Egypt, Pakistan. 5-day pause clock ~4 days remaining (expires ~Sat Mar 28). CPI-Apr spread normalizing (29/66c = 37c). GDP NO 68c. WTI 66c. CPI-Mar 11c. GOVTCUTS 90c. HOLD all 5."
2026-03-24T08:02:36Z,quant-firm,CYCLE-LOG,HOLD,0,0,"Tue pre-market — $123.00. All bids flat. WTI 65c (-1c). Pre-market quiet. HOLD all 5."
2026-03-24T09:02:33Z,quant-firm,CYCLE-LOG,HOLD,0,0,"Tue AM — $123.00 unchanged. CPI-Apr ask 67c (-1c). All bids flat. HOLD all 5."
2026-03-24T10:02:38Z,quant-firm,CYCLE-LOG,HOLD,0,0,"Tue mid-AM — $123.00. CPI-Apr bid 27c (-2c). All else identical. HOLD all 5."
2026-03-24T11:02:38Z,quant-firm,CYCLE-LOG,HOLD,0,0,"Tue — $123.00. WTI 66c (+1c). All else identical. HOLD all 5."
2026-03-24T12:02:38Z,quant-firm,CYCLE-LOG,HOLD,0,0,"Tue PM — $123.29 (+$0.29). WTI last 67.9c (ask lift). CPI-Apr bid 26c (-1c). GDP NO 68c. GOVTCUTS 90c. CPI-Mar 11c. HOLD all 5."
2026-03-24T13:02:22Z,quant-firm,CYCLE-LOG,HOLD,0,0,"Tue PM — $123.29 unchanged. CPI-Apr bid 28c (+2c). Markets in holding pattern during Trump 5-day pause (~3 days left). HOLD all 5."
2026-03-24T14:03:02Z,quant-firm,CYCLE-LOG,HOLD,0,0,"Tue evening — $123.29. CPI-Apr spread normalizing to 31c (29/60c — best since liquidity crisis). WTI 65c. GDP NO 68c. HOLD all 5."
2026-03-24T15:02:59Z,quant-firm,CYCLE-LOG,HOLD,0,0,"Tue late evening — $123.29. All flat. Evening dead zone. HOLD all 5."
2026-03-24T16:02:42Z,quant-firm,CYCLE-LOG,HOLD,0,0,"Tue midnight — $123.29 unchanged. HOLD all 5."
2026-03-24T17:03:07Z,quant-firm,CYCLE-LOG,HOLD,0,0,"Early Wed — $123.29. WTI bid 67c (+2c, recovering). All else flat. HOLD all 5."
